<?xml version="1.0" encoding="utf-8"?>
<litepal>
    <dbname value="BookStore"></dbname>

    <version value="46"></version>

    <list>
        <mapping class="com.example.fakenews.DataGet.OneNewsD"></mapping>
        <mapping class="com.example.fakenews.DataBase.FavHistory"></mapping>
        <mapping class="com.example.fakenews.DataBase.ReadHistory"></mapping>
        <mapping class="com.example.fakenews.DataBase.UserTopMenu"></mapping>
        <mapping class="com.example.fakenews.DataBase.UserTopMenuOthers"></mapping>
        <mapping class="com.example.fakenews.DataBase.SearchHistory"></mapping>
        <mapping class="com.example.fakenews.DataBase.UserKeyword"></mapping>
        <mapping class="com.example.fakenews.DataBase.UserDKKeyword"></mapping>
    </list>
</litepal>